id,title,description,availability,condition,price,sale_price,link,image_link,additional_image_link,brand,google_product_category,product_type,age_group,gender,custom_label_0,custom_label_1,custom_label_2,custom_label_3
treasure-island-times-tables-mystery,Treasure Island Times Tables Mystery,"Captain Crooked Hook has hidden his treasure — and only a true Times Tables Detective can find it! Six story missions cover the 2, 3, 4, 5, 8 and 10 times tables through mazes, code-crackers, colour-by-answer pictures and logic puzzles, ending in a clue-word reveal and a printable certificate.",in stock,new,8.95 GBP,5.95 GBP,https://edventureprintables.shop/products/treasure-island-times-tables-mystery,https://edventureprintables.shop/assets/treasure-island-times-tables-mystery-DOIVKI_t.jpg,https://edventureprintables.shop/assets/treasure-island-times-tables-mystery-2-BvU65L0P.jpg | https://edventureprintables.shop/assets/treasure-island-times-tables-mystery-3-DfZVtUQW.jpg | https://edventureprintables.shop/assets/treasure-island-times-tables-mystery-4-BJYfZizM.jpg,Edventure Printables,Media > Books > Education & Reference > Mathematics,Printable Maths Pack > Year 3–4 Mystery > Pirate,7–9,unisex,Year 3–4,Pirate,Year 3–4 Mystery,Multiplication
unicorn-isles-times-tables-mystery,Unicorn Isles Times Tables Mystery,"A sparkling mystery across the Unicorn Isles! With Pip the Foal at their side, your child solves six story missions covering the 2, 3, 4, 5, 8 and 10 times tables through mazes, code-crackers, colour-by-answer pictures and logic puzzles, ending in a clue-word reveal and a printable certificate.",in stock,new,8.95 GBP,5.95 GBP,https://edventureprintables.shop/products/unicorn-isles-times-tables-mystery,https://edventureprintables.shop/assets/unicorn-isles-times-tables-mystery-CI-Bp_p3.jpg,https://edventureprintables.shop/assets/unicorn-isles-times-tables-mystery-2-DcdjPzqX.jpg | https://edventureprintables.shop/assets/unicorn-isles-times-tables-mystery-3-Ddc9HtvY.jpg | https://edventureprintables.shop/assets/unicorn-isles-times-tables-mystery-4-BekGVlYm.jpg,Edventure Printables,Media > Books > Education & Reference > Mathematics,Printable Maths Pack > Year 3–4 Mystery > Unicorns,7–9,unisex,Year 3–4,Unicorns,Year 3–4 Mystery,Multiplication
galaxy-maths-times-tables-mystery,Galaxy Maths Times Tables Mystery,"A maths mystery on the moon! Six lunar missions with Commander Nova and Zorp the alien cover the 2, 3, 4, 5, 8 and 10 times tables through mazes, code-crackers, colour-by-answer pictures and logic puzzles, ending in a clue-word reveal and a printable certificate.",in stock,new,8.95 GBP,5.95 GBP,https://edventureprintables.shop/products/galaxy-maths-times-tables-mystery,https://edventureprintables.shop/assets/galaxy-maths-times-tables-mystery-Ck5eETH0.jpg,https://edventureprintables.shop/assets/galaxy-maths-times-tables-mystery-2-Cb4YBp_9.jpg | https://edventureprintables.shop/assets/galaxy-maths-times-tables-mystery-3-B2-CNTo3.jpg | https://edventureprintables.shop/assets/galaxy-maths-times-tables-mystery-4-Cys-Nbbz.jpg,Edventure Printables,Media > Books > Education & Reference > Mathematics,Printable Maths Pack > Year 3–4 Mystery > Space,7–9,unisex,Year 3–4,Space,Year 3–4 Mystery,Multiplication
treasure-island-shipshape-review,Treasure Island: The Shipshape Review,"Captain Crooked Hook wants proof that his crew is shipshape! Six review missions cover the whole Year 3 number curriculum — place value to 1000, mental and column addition and subtraction, the 3, 4 and 8 times tables with division, and tenths and fractions of amounts.",in stock,new,8.95 GBP,5.95 GBP,https://edventureprintables.shop/products/treasure-island-shipshape-review,https://edventureprintables.shop/assets/treasure-island-shipshape-review-3CCODYgl.jpg,https://edventureprintables.shop/assets/treasure-island-shipshape-review-2-CVTuqaOZ.jpg | https://edventureprintables.shop/assets/treasure-island-shipshape-review-3-2FYuPjMB.jpg | https://edventureprintables.shop/assets/treasure-island-shipshape-review-4-DxyQyb4f.jpg,Edventure Printables,Media > Books > Education & Reference > Mathematics,Printable Maths Pack > Year 3 Review > Pirate,7–8,unisex,Year 3–4,Pirate,Year 3 Review,Number
unicorn-isles-rainbow-review,Unicorn Isles: The Rainbow Review,"Queen Stardust wants proof that her helpers are sparkle-shape! Six review missions cover the whole Year 3 number curriculum — place value to 1000, mental and column addition and subtraction, the 3, 4 and 8 times tables with division, and tenths and fractions of amounts.",in stock,new,8.95 GBP,5.95 GBP,https://edventureprintables.shop/products/unicorn-isles-rainbow-review,https://edventureprintables.shop/assets/unicorn-isles-rainbow-review-CiFHNoqS.jpg,https://edventureprintables.shop/assets/unicorn-isles-rainbow-review-2-CAgz7xc4.jpg | https://edventureprintables.shop/assets/unicorn-isles-rainbow-review-3-BNWsV6Ci.jpg | https://edventureprintables.shop/assets/unicorn-isles-rainbow-review-4-CvvjaoSd.jpg,Edventure Printables,Media > Books > Education & Reference > Mathematics,Printable Maths Pack > Year 3 Review > Unicorns,7–8,unisex,Year 3–4,Unicorns,Year 3 Review,Number
galaxy-maths-orbit-review,Galaxy Maths: The Orbit Review,"Commander Nova's crew must pass the Orbit Review before they can fly on! Six review missions cover the whole Year 3 number curriculum — place value to 1000, mental and column addition and subtraction, the 3, 4 and 8 times tables with division, and tenths and fractions of amounts.",in stock,new,8.95 GBP,5.95 GBP,https://edventureprintables.shop/products/galaxy-maths-orbit-review,https://edventureprintables.shop/assets/galaxy-maths-orbit-review-DCa8KT_z.jpg,https://edventureprintables.shop/assets/galaxy-maths-orbit-review-2-BWK2NI2S.jpg | https://edventureprintables.shop/assets/galaxy-maths-orbit-review-3-DSU2bsZQ.jpg | https://edventureprintables.shop/assets/galaxy-maths-orbit-review-4-Bd7TMfys.jpg,Edventure Printables,Media > Books > Education & Reference > Mathematics,Printable Maths Pack > Year 3 Review > Space,7–8,unisex,Year 3–4,Space,Year 3 Review,Number
treasure-island-uncharted-waters,Treasure Island: Uncharted Waters,"Sail beyond the known map and get ahead of Year 4! Six preview missions introduce the 6, 7, 9, 11 and 12 times tables, factor pairs and multiples, multiplying and dividing by 10 and 100, and the first formal written methods — so September holds no surprises.",in stock,new,8.95 GBP,5.95 GBP,https://edventureprintables.shop/products/treasure-island-uncharted-waters,https://edventureprintables.shop/assets/treasure-island-uncharted-waters-DEQm-XgH.jpg,https://edventureprintables.shop/assets/treasure-island-uncharted-waters-2-Ddi31yzk.jpg | https://edventureprintables.shop/assets/treasure-island-uncharted-waters-3-PBeAK4MP.jpg | https://edventureprintables.shop/assets/treasure-island-uncharted-waters-4-MVJlBKko.jpg,Edventure Printables,Media > Books > Education & Reference > Mathematics,Printable Maths Pack > Year 4 Get Ahead > Pirate,7–9,unisex,Year 3–4,Pirate,Year 4 Get Ahead,Multiplication
unicorn-isles-uncharted-skies,Unicorn Isles: Uncharted Skies,"Fly beyond the rainbow and get ahead of Year 4! Six preview missions introduce the 6, 7, 9, 11 and 12 times tables, factor pairs and multiples, multiplying and dividing by 10 and 100, and the first formal written methods — so September holds no surprises.",in stock,new,8.95 GBP,5.95 GBP,https://edventureprintables.shop/products/unicorn-isles-uncharted-skies,https://edventureprintables.shop/assets/unicorn-isles-uncharted-skies-DqeR1zCJ.jpg,https://edventureprintables.shop/assets/unicorn-isles-uncharted-skies-2-Ri7tdHIL.jpg | https://edventureprintables.shop/assets/unicorn-isles-uncharted-skies-3-C5jd-s9D.jpg | https://edventureprintables.shop/assets/unicorn-isles-uncharted-skies-4-CKQjaoCy.jpg,Edventure Printables,Media > Books > Education & Reference > Mathematics,Printable Maths Pack > Year 4 Get Ahead > Unicorns,7–9,unisex,Year 3–4,Unicorns,Year 4 Get Ahead,Multiplication
galaxy-maths-uncharted-planets,Galaxy Maths: Uncharted Planets,"Blast off to uncharted planets and get ahead of Year 4! Six preview missions introduce the 6, 7, 9, 11 and 12 times tables, factor pairs and multiples, multiplying and dividing by 10 and 100, and the first formal written methods — so September holds no surprises.",in stock,new,8.95 GBP,5.95 GBP,https://edventureprintables.shop/products/galaxy-maths-uncharted-planets,https://edventureprintables.shop/assets/galaxy-maths-uncharted-planets-0wG_oyWL.jpg,https://edventureprintables.shop/assets/galaxy-maths-uncharted-planets-2-BjXBEbxY.jpg | https://edventureprintables.shop/assets/galaxy-maths-uncharted-planets-3-hS2QDffU.jpg | https://edventureprintables.shop/assets/galaxy-maths-uncharted-planets-4-CdxG0YCo.jpg,Edventure Printables,Media > Books > Education & Reference > Mathematics,Printable Maths Pack > Year 4 Get Ahead > Space,7–9,unisex,Year 3–4,Space,Year 4 Get Ahead,Multiplication
treasure-island-great-review-voyage,Treasure Island: The Great Review Voyage,"Any old sea-dog can find treasure — only a master can count it! Six review missions revisit everything Year 4 should know: all times tables to 12 × 12, factor pairs, multiplying three numbers, formal written methods and tricky correspondence problems.",in stock,new,8.95 GBP,5.95 GBP,https://edventureprintables.shop/products/treasure-island-great-review-voyage,https://edventureprintables.shop/assets/treasure-island-great-review-voyage-D5g5JTrs.jpg,https://edventureprintables.shop/assets/treasure-island-great-review-voyage-2-D3H1GgZR.jpg | https://edventureprintables.shop/assets/treasure-island-great-review-voyage-3-Cpg1XOni.jpg | https://edventureprintables.shop/assets/treasure-island-great-review-voyage-4-BDd73YHZ.jpg,Edventure Printables,Media > Books > Education & Reference > Mathematics,Printable Maths Pack > Year 4 Review > Pirate,8–9,unisex,Year 4–5,Pirate,Year 4 Review,Multiplication
unicorn-isles-great-sparkle-voyage,Unicorn Isles: The Great Sparkle Voyage,"Queen Stardust is back — and she wants proof that you remember everything! Six review missions revisit everything Year 4 should know: all times tables to 12 × 12, factor pairs, multiplying three numbers, formal written methods and tricky correspondence problems.",in stock,new,8.95 GBP,5.95 GBP,https://edventureprintables.shop/products/unicorn-isles-great-sparkle-voyage,https://edventureprintables.shop/assets/unicorn-isles-great-sparkle-voyage-CD4Kvy_h.jpg,https://edventureprintables.shop/assets/unicorn-isles-great-sparkle-voyage-2-CH_3uSe3.jpg | https://edventureprintables.shop/assets/unicorn-isles-great-sparkle-voyage-3-hI44tdGP.jpg | https://edventureprintables.shop/assets/unicorn-isles-great-sparkle-voyage-4-BJ_QLj_k.jpg,Edventure Printables,Media > Books > Education & Reference > Mathematics,Printable Maths Pack > Year 4 Review > Unicorns,8–9,unisex,Year 4–5,Unicorns,Year 4 Review,Multiplication
galaxy-maths-great-galaxy-voyage,Galaxy Maths: The Great Galaxy Voyage,"Commander Nova is back — and she wants proof that you remember everything! Six review missions revisit everything Year 4 should know: all times tables to 12 × 12, factor pairs, multiplying three numbers, formal written methods and tricky correspondence problems.",in stock,new,8.95 GBP,5.95 GBP,https://edventureprintables.shop/products/galaxy-maths-great-galaxy-voyage,https://edventureprintables.shop/assets/galaxy-maths-great-galaxy-voyage-CX5W0_mf.jpg,https://edventureprintables.shop/assets/galaxy-maths-great-galaxy-voyage-2-CHcaK5Uk.jpg | https://edventureprintables.shop/assets/galaxy-maths-great-galaxy-voyage-3-C9a60hW_.jpg | https://edventureprintables.shop/assets/galaxy-maths-great-galaxy-voyage-4-H2HZJLIi.jpg,Edventure Printables,Media > Books > Education & Reference > Mathematics,Printable Maths Pack > Year 4 Review > Space,8–9,unisex,Year 4–5,Space,Year 4 Review,Multiplication
treasure-island-beyond-the-horizon,Treasure Island: Beyond the Horizon,"Chase the horizon and arrive in Year 5 already ahead! Six preview missions introduce multiples and factor pairs, multiplying and dividing by 10, 100 and 1000, prime and composite numbers, square and cube numbers and formal long multiplication.",in stock,new,8.95 GBP,5.95 GBP,https://edventureprintables.shop/products/treasure-island-beyond-the-horizon,https://edventureprintables.shop/assets/treasure-island-beyond-the-horizon-DjB9AtRQ.jpg,https://edventureprintables.shop/assets/treasure-island-beyond-the-horizon-2-C_CjZtp_.jpg | https://edventureprintables.shop/assets/treasure-island-beyond-the-horizon-3-Dmy5lrSR.jpg | https://edventureprintables.shop/assets/treasure-island-beyond-the-horizon-4-PrzE_1az.jpg,Edventure Printables,Media > Books > Education & Reference > Mathematics,Printable Maths Pack > Year 5 Get Ahead > Pirate,8–10,unisex,Year 4–5,Pirate,Year 5 Get Ahead,Number
unicorn-isles-beyond-the-rainbow,Unicorn Isles: Beyond the Rainbow,"Soar past the end of the rainbow and arrive in Year 5 already ahead! Six preview missions introduce multiples and factor pairs, multiplying and dividing by 10, 100 and 1000, prime and composite numbers, square and cube numbers and formal long multiplication.",in stock,new,8.95 GBP,5.95 GBP,https://edventureprintables.shop/products/unicorn-isles-beyond-the-rainbow,https://edventureprintables.shop/assets/unicorn-isles-beyond-the-rainbow-B0DgVR_s.jpg,https://edventureprintables.shop/assets/unicorn-isles-beyond-the-rainbow-2-BkSdW6Ls.jpg | https://edventureprintables.shop/assets/unicorn-isles-beyond-the-rainbow-3-Dcla5ixl.jpg | https://edventureprintables.shop/assets/unicorn-isles-beyond-the-rainbow-4-DUiX1qLy.jpg,Edventure Printables,Media > Books > Education & Reference > Mathematics,Printable Maths Pack > Year 5 Get Ahead > Unicorns,8–10,unisex,Year 4–5,Unicorns,Year 5 Get Ahead,Number
galaxy-maths-beyond-the-stars,Galaxy Maths: Beyond the Stars,"Push beyond the stars and arrive in Year 5 already ahead! Six preview missions introduce multiples and factor pairs, multiplying and dividing by 10, 100 and 1000, prime and composite numbers, square and cube numbers and formal long multiplication.",in stock,new,8.95 GBP,5.95 GBP,https://edventureprintables.shop/products/galaxy-maths-beyond-the-stars,https://edventureprintables.shop/assets/galaxy-maths-beyond-the-stars-Du_O6WrD.jpg,https://edventureprintables.shop/assets/galaxy-maths-beyond-the-stars-2-OAhFOlrz.jpg | https://edventureprintables.shop/assets/galaxy-maths-beyond-the-stars-3-DxGaivsS.jpg | https://edventureprintables.shop/assets/galaxy-maths-beyond-the-stars-4-CDxcK9mQ.jpg,Edventure Printables,Media > Books > Education & Reference > Mathematics,Printable Maths Pack > Year 5 Get Ahead > Space,8–10,unisex,Year 4–5,Space,Year 5 Get Ahead,Number
treasure-island-great-reckoning,Treasure Island: The Great Reckoning,"The Captain calls a final count before Year 6! Six review missions revisit the whole Year 5 multiplication strand — factors and multiples, prime and composite numbers, powers of 10, squares, cubes and roots, and formal long multiplication.",in stock,new,8.95 GBP,5.95 GBP,https://edventureprintables.shop/products/treasure-island-great-reckoning,https://edventureprintables.shop/assets/treasure-island-great-reckoning-aQE-ZoyA.jpg,https://edventureprintables.shop/assets/treasure-island-great-reckoning-2-E2vbs5LA.jpg | https://edventureprintables.shop/assets/treasure-island-great-reckoning-3-BFa5MXXy.jpg | https://edventureprintables.shop/assets/treasure-island-great-reckoning-4-BmvVG7s9.jpg,Edventure Printables,Media > Books > Education & Reference > Mathematics,Printable Maths Pack > Year 5 Review > Pirate,9–10,unisex,Year 5–6,Pirate,Year 5 Review,Number
unicorn-isles-rainbow-reckoning,Unicorn Isles: The Rainbow Reckoning,"Queen Stardust calls a final count before Year 6! Six review missions revisit the whole Year 5 multiplication strand — factors and multiples, prime and composite numbers, powers of 10, squares, cubes and roots, and formal long multiplication.",in stock,new,8.95 GBP,5.95 GBP,https://edventureprintables.shop/products/unicorn-isles-rainbow-reckoning,https://edventureprintables.shop/assets/unicorn-isles-rainbow-reckoning-C02FsOMk.jpg,https://edventureprintables.shop/assets/unicorn-isles-rainbow-reckoning-2-DqZ4KxDg.jpg | https://edventureprintables.shop/assets/unicorn-isles-rainbow-reckoning-3-DzI7WAB0.jpg | https://edventureprintables.shop/assets/unicorn-isles-rainbow-reckoning-4-CJQ0J_sC.jpg,Edventure Printables,Media > Books > Education & Reference > Mathematics,Printable Maths Pack > Year 5 Review > Unicorns,9–10,unisex,Year 5–6,Unicorns,Year 5 Review,Number
galaxy-maths-galactic-reckoning,Galaxy Maths: The Galactic Reckoning,"Commander Nova calls a final count before Year 6! Six review missions revisit the whole Year 5 multiplication strand — factors and multiples, prime and composite numbers, powers of 10, squares, cubes and roots, and formal long multiplication.",in stock,new,8.95 GBP,5.95 GBP,https://edventureprintables.shop/products/galaxy-maths-galactic-reckoning,https://edventureprintables.shop/assets/galaxy-maths-galactic-reckoning-CFvEQqtu.jpg,https://edventureprintables.shop/assets/galaxy-maths-galactic-reckoning-2-CM9DBqh1.jpg | https://edventureprintables.shop/assets/galaxy-maths-galactic-reckoning-3-BOMJsrXE.jpg | https://edventureprintables.shop/assets/galaxy-maths-galactic-reckoning-4-BwRGwp_Z.jpg,Edventure Printables,Media > Books > Education & Reference > Mathematics,Printable Maths Pack > Year 5 Review > Space,9–10,unisex,Year 5–6,Space,Year 5 Review,Number
treasure-island-final-ascent,Treasure Island: The Final Ascent,"The summit climb before Year 6! Six preview missions introduce common factors and multiples, prime factorisation, order of operations, long multiplication up to 4-digit × 2-digit and decimal multiplication — the full Year 6 toolkit.",in stock,new,8.95 GBP,5.95 GBP,https://edventureprintables.shop/products/treasure-island-final-ascent,https://edventureprintables.shop/assets/treasure-island-final-ascent-DL1ygk9D.jpg,https://edventureprintables.shop/assets/treasure-island-final-ascent-2-BJUVDGPw.jpg | https://edventureprintables.shop/assets/treasure-island-final-ascent-3-DJ1eUXJ1.jpg | https://edventureprintables.shop/assets/treasure-island-final-ascent-4-W23rhgbE.jpg,Edventure Printables,Media > Books > Education & Reference > Mathematics,Printable Maths Pack > Year 6 Get Ahead > Pirate,10–11,unisex,Year 5–6,Pirate,Year 6 Get Ahead,Number
unicorn-isles-starlight-ascent,Unicorn Isles: The Starlight Ascent,"Climb to the starlit summit before Year 6! Six preview missions introduce common factors and multiples, prime factorisation, order of operations, long multiplication up to 4-digit × 2-digit and decimal multiplication — the full Year 6 toolkit.",in stock,new,8.95 GBP,5.95 GBP,https://edventureprintables.shop/products/unicorn-isles-starlight-ascent,https://edventureprintables.shop/assets/unicorn-isles-starlight-ascent-BDRefVoB.jpg,https://edventureprintables.shop/assets/unicorn-isles-starlight-ascent-2-By57yzBG.jpg | https://edventureprintables.shop/assets/unicorn-isles-starlight-ascent-3-D8jygCRX.jpg | https://edventureprintables.shop/assets/unicorn-isles-starlight-ascent-4-DQviSPp4.jpg,Edventure Printables,Media > Books > Education & Reference > Mathematics,Printable Maths Pack > Year 6 Get Ahead > Unicorns,10–11,unisex,Year 5–6,Unicorns,Year 6 Get Ahead,Number
galaxy-maths-lunar-ascent,Galaxy Maths: The Lunar Ascent,"Make the lunar ascent before Year 6! Six preview missions introduce common factors and multiples, prime factorisation, order of operations, long multiplication up to 4-digit × 2-digit and decimal multiplication — the full Year 6 toolkit.",in stock,new,8.95 GBP,5.95 GBP,https://edventureprintables.shop/products/galaxy-maths-lunar-ascent,https://edventureprintables.shop/assets/galaxy-maths-lunar-ascent-o7MIA97n.jpg,https://edventureprintables.shop/assets/galaxy-maths-lunar-ascent-2-CZRIYGQg.jpg | https://edventureprintables.shop/assets/galaxy-maths-lunar-ascent-3-Bxztc4r6.jpg | https://edventureprintables.shop/assets/galaxy-maths-lunar-ascent-4-D_tYgyvX.jpg,Edventure Printables,Media > Books > Education & Reference > Mathematics,Printable Maths Pack > Year 6 Get Ahead > Space,10–11,unisex,Year 5–6,Space,Year 6 Get Ahead,Number
